metric,value,unit,tags
1,120.00890495717371,,
1.1,108.74170771358551,,
100.0,94.07274403707568,,
100.00,97.76690631596828,,
