metric,value,unit,tags
bytes,20455.563456641587,,
response,210.98996198675377,,
time,805692019.4981855,,
