metric,value,unit,tags
bytes,17089.351959314245,,
response,211.94280221621187,,
time,808709204.3876989,,
