metric,value,unit,tags
0.03,0.023140923801117978,,
1,127.53206825536923,,
1.1,81.22600764930861,,
100.0,94.06649014416004,,
100.00,97.76455016181231,,
