metric,value,unit,tags
0.03,0.030000000000000013,,
1,51.89044893040072,,
1.1,106.00584513407652,,
1.30,1.3004561614944266,,
100.0,100.0,,
100.00,100.0,,
14.62,14.620000000000003,,
2388,2388.0,,
518.67,518.6700000000001,,
